{"count":1,"step1":{"title":"Store Add Items (Inventory In)","fields":[{"key":"1695271043285_1","type":"spinner","hint":"Item List*","values":["Item List*","Magazine Pocket","Bottle Holder","Mug with chain","toilet door handles","Swing door handles","Soap container","Shower Rose","Odonil Container","Wash Basin Grid and waste pipe set","Coat hook","Tumbler holder","handle in toilets","Door Closure","commode lid","Mirrorshelf","Barrelbolt","throw over catch","Alarm pull handle","Gravity cock/Push cock","Mirror/Mirror frame","Foldable Table in Coaches","Gas cylinder clamping arrangement in pantry cars","Wall Pan Protector","Flush Valve","FRP Commode Chute with securing","Toilet ground water pipe line plumbing work complete","Toilet Flushing pipe plumbing work complete","Wash basin pipe plumbing work complete","Hinged doors of toilet","Swing doors (AC coaches)","Water filling pipe plumbing work complete","Angle section mouldings at LP sheet corner joints","Flat section mouldings at LP sheet joints","Z section mouldings at wall to floor skirt joints","Patching of roof sheet / LP sheet","Rolling shutters","Foldable Table to be replaced","Wooden battens in seats and luggage racks in GS/SLRs","Sealed window glass/sealing rubber/ weather strip in RCF make AC coaches/RA/SLR lookout glass","Window exterior glass / or sealing arrangement of window in ICF make AC coaches/RA/SLR look out glass","Foot board","Cushioned berth/Cushioned chair","Sliding door in pantry cars and 1st AC coaches","Vestibule sliding door","Window complete/emergency window in non-AC coaches/glass shutter/louver shutter","Banjo shutter with/without frame","Fire Extinguishers","Destination Boards","MIDDILE BIRTH CHAINS","UPPER BIRTH CHAINS","HOLDING /SECURING BRACKETS","SNACKS TABLE","upholstery cushions and curtains","reclining mechanism on chair cars","lavatory door latches","window shutters","rolling shutters/sliding doors","window shutters","Window glass","Window frame","Window Gauze Wire","Window Venetianlouver","window safety catches","lavatory banjo shutters","Window Rubber Profile Seal","Window bars","PVC Flooring","laminated panels","tower bolts of back rests","ventilation grills","lavatory hinge door","push cock","flush valve","drain grills","mirrors","shelves","soap dishes","squatting pans","foot rest","Water level Indicator","Rubber hose connection","Drain cock protection cover","Water inlet cover","Water tank sensor","Water tank brackets","Entrance door glass","locking cam top","locking pin bottom","universal lock","pad lock","Locking handles","Hand safe gasket","Barrel Bolt (locking arrangement)","door flap complete","FRP cover","Door stopper","Coat hooks","Luggage Racks","Luggage Ropes","Carpets","Sceneries and frames of 1st AC and 2nd AC","AC wooden stool","AC folding table","AC foot operated dustbin","ceiling panels","ICV pull Box freeness","Instruction Stickers","Nylon wire rope","S.S. wire rope","pneumatic cylinder","Hand safe gasket","Glass","glass film","rubber profiles","Wash basin","Square key locks of ceiling panels","vestibule door cover","soap dish","securing brackets of fire extinguishers","pressure pipe","Lavatory Health faucet","ICV pull Box","S.S. wire rope","Guide shaft","grill rubber profiles","inner locking handle","outer lucking handle","FRP embedding","Square key locks","vestibule door cover","Soap Dispenser","Clean drain grills","Hopper Window glass","pivot top and bottom","Middle hinges gasket","Coat hook","Door flap","Nylon belt","Nylon/ steel wire rope","roller shutters","elbows","connectors","Gravity cock /push cock"],"v_required":{"value":"true","err":"Please choose a value to proceed."}},{"key":"1695271043285_2","type":"edit_text","hint":"Quantity*","v_min_length":{"value":"1","err":"Min length should be at least 1."},"v_max_length":{"value":"500","err":"Min length should be at least 500."},"v_required":{"value":"true","err":"Please enter a value to proceed."}}]}}