{
  "child_info" : {
    "child_id" : "1000",
    "name" : "Test Name",
    "age_in_months" : 2,
    "weight_in_kg" : 4,
    "height_in_cm" : 102,
    "gender" : "Male",
    "record_datetime" : "2019-11-21 15:54:00"
  },
  "quiz" : {
    "record_datetime" : "2019-11-21 15:54:01",
    "data" : [
        {
          "ques_id" : 10,
          "ans" : "Yes"
        },
        {
          "ques_id" : 14,
          "ans" : "Yes"
        },
        {
          "ques_id" : 5,
          "ans" : "Yes"
        },
        {
          "ques_id" : 3,
          "ans" : "Yes"
        },
        {
          "ques_id" : 20,
          "ans" : "Yes"
        }
      ]
  }
}